{"errors":["./src/publisher-preview/PreviewPageWrapperComponent.js\nModule not found: Error: Can't resolve 'ui-components' in 'D:\\CMS project\\bitbucket7\\gbl_x_wcms\\cms-core\\dfn-cms\\services\\site-publisher-service\\src\\publisher-preview'"],"warnings":[],"namedChunkGroups":{"polyfill":{"chunks":[0,6],"assets":["webpack-runtime-96710546225f41701876.js","webpack-runtime-96710546225f41701876.js.map","polyfill-60d20c313057bfb4f72e.js","polyfill-60d20c313057bfb4f72e.js.map"],"children":{},"childAssets":{}},"app":{"chunks":[0,7,5,2,1],"assets":["webpack-runtime-96710546225f41701876.js","webpack-runtime-96710546225f41701876.js.map","styles.5b1db1f8d52fb7d71f90.css","styles-9411612e31e4f14527d1.js","styles-9411612e31e4f14527d1.js.map","framework-256fdde5199f9087be1b.js","framework-256fdde5199f9087be1b.js.map","b637e9a5-508c57e631b0d1a5c88e.js","b637e9a5-508c57e631b0d1a5c88e.js.map","app-0500bba56cf40ea3833e.js","app-0500bba56cf40ea3833e.js.map"],"children":{},"childAssets":{}},"component---cache-caches-gatsby-plugin-offline-app-shell-js":{"chunks":[3],"assets":["component---cache-caches-gatsby-plugin-offline-app-shell-js-16703ee5599528db9f93.js","component---cache-caches-gatsby-plugin-offline-app-shell-js-16703ee5599528db9f93.js.map"],"children":{},"childAssets":{}},"component---src-publisher-preview-preview-page-wrapper-component-js":{"chunks":[4],"assets":["component---src-publisher-preview-preview-page-wrapper-component-js-db4e7b9662392d9c23e4.js","component---src-publisher-preview-preview-page-wrapper-component-js-db4e7b9662392d9c23e4.js.map"],"children":{},"childAssets":{}}},"assetsByChunkName":{"polyfill":["webpack-runtime-96710546225f41701876.js","polyfill-60d20c313057bfb4f72e.js"],"app":["webpack-runtime-96710546225f41701876.js","styles.5b1db1f8d52fb7d71f90.css","styles-9411612e31e4f14527d1.js","framework-256fdde5199f9087be1b.js","b637e9a5-508c57e631b0d1a5c88e.js","app-0500bba56cf40ea3833e.js"],"component---cache-caches-gatsby-plugin-offline-app-shell-js":["component---cache-caches-gatsby-plugin-offline-app-shell-js-16703ee5599528db9f93.js"],"component---src-publisher-preview-preview-page-wrapper-component-js":["component---src-publisher-preview-preview-page-wrapper-component-js-db4e7b9662392d9c23e4.js"]}}